{"geometry":"skinpacks\/skins.json","skins":[{"localization_name":"skin1","geometry":"geometry.humanoid.custom","texture":"1.png","type":"free"},{"localization_name":"skin2","geometry":"geometry.humanoid.custom","texture":"2.png","type":"free"},{"localization_name":"skin3","geometry":"geometry.humanoid.custom","texture":"3.png","type":"free"},{"localization_name":"skin4","geometry":"geometry.humanoid.custom","texture":"4.png","type":"free"},{"localization_name":"skin5","geometry":"geometry.humanoid.custom","texture":"5.png","type":"free"},{"localization_name":"skin6","geometry":"geometry.humanoid.custom","texture":"6.png","type":"free"}],"serialize_name":"§l§fBuildTheCraft","localization_name":"§l§fBuildTheCraft"}